US 500 (Dec) >2083.0 (4:15PM)	,	20:17.5	,	70.625
US 500 (Dec) >2083.0 (4:15PM)	,	20:17.5	,	70.875
US 500 (Dec) >2083.0 (4:15PM)	,	20:17.5	,	70.375
US 500 (Dec) >2083.0 (4:15PM)	,	20:12.4	,	70.125
US 500 (Dec) >2083.0 (4:15PM)	,	20:12.5	,	70.375
US 500 (Dec) >2083.0 (4:15PM)	,	20:11.5	,	70.125
US 500 (Dec) >2083.0 (4:15PM)	,	20:11.5	,	69.875
US 500 (Dec) >2083.0 (4:15PM)	,	19:39.5	,	71.625
US 500 (Dec) >2083.0 (4:15PM)	,	19:44.5	,	71.375
US 500 (Dec) >2083.0 (4:15PM)	,	20:04.1	,	70.875
US 500 (Dec) >2083.0 (4:15PM)	,	20:05.7	,	70.625
US 500 (Dec) >2083.0 (4:15PM)	,	20:06.0	,	70.375
US 500 (Dec) >2083.0 (4:15PM)	,	19:04.4	,	71.25
US 500 (Dec) >2083.0 (4:15PM)	,	19:11.4	,	71.625
US 500 (Dec) >2083.0 (4:15PM)	,	19:23.5	,	71.375
US 500 (Dec) >2083.0 (4:15PM)	,	20:46.8	,	70.125
US 500 (Dec) >2083.0 (4:15PM)	,	20:47.3	,	69.875
US 500 (Dec) >2083.0 (4:15PM)	,	20:35.3	,	70.125
US 500 (Dec) >2083.0 (4:15PM)	,	20:36.4	,	70.375
US 500 (Dec) >2083.0 (4:15PM)	,	20:35.7	,	69.875
US 500 (Dec) >2086.0 (4:15PM)	,	20:36.4	,	64.625
US 500 (Dec) >2086.0 (4:15PM)	,	20:35.8	,	64.125
US 500 (Dec) >2086.0 (4:15PM)	,	20:35.2	,	64.375
US 500 (Dec) >2086.0 (4:15PM)	,	20:47.3	,	64.125
US 500 (Dec) >2086.0 (4:15PM)	,	20:46.8	,	64.375
US 500 (Dec) >2086.0 (4:15PM)	,	19:23.6	,	65.875
US 500 (Dec) >2086.0 (4:15PM)	,	19:24.0	,	65.625
US 500 (Dec) >2086.0 (4:15PM)	,	19:11.6	,	66.125
US 500 (Dec) >2086.0 (4:15PM)	,	19:04.3	,	65.625
US 500 (Dec) >2086.0 (4:15PM)	,	20:06.0	,	64.625
US 500 (Dec) >2086.0 (4:15PM)	,	20:05.6	,	64.875
US 500 (Dec) >2086.0 (4:15PM)	,	20:04.1	,	65.375
US 500 (Dec) >2086.0 (4:15PM)	,	20:04.1	,	65.125
US 500 (Dec) >2086.0 (4:15PM)	,	19:44.7	,	65.875
US 500 (Dec) >2086.0 (4:15PM)	,	19:44.7	,	65.625
US 500 (Dec) >2086.0 (4:15PM)	,	19:39.5	,	66.125
US 500 (Dec) >2086.0 (4:15PM)	,	19:38.2	,	65.875
US 500 (Dec) >2086.0 (4:15PM)	,	20:11.4	,	64.375
US 500 (Dec) >2086.0 (4:15PM)	,	20:11.4	,	64.125
US 500 (Dec) >2086.0 (4:15PM)	,	20:12.5	,	64.375
US 500 (Dec) >2086.0 (4:15PM)	,	20:12.5	,	64.625
US 500 (Dec) >2086.0 (4:15PM)	,	20:17.4	,	64.875
US 500 (Dec) >2086.0 (4:15PM)	,	20:17.4	,	65.125
US 500 (Dec) >2086.0 (4:15PM)	,	20:17.4	,	64.625
US 500 (Dec) >2089.0 (4:15PM)	,	20:17.4	,	58.375
US 500 (Dec) >2089.0 (4:15PM)	,	20:12.4	,	58.125
US 500 (Dec) >2089.0 (4:15PM)	,	20:12.4	,	58.375
US 500 (Dec) >2089.0 (4:15PM)	,	20:11.3	,	58.125
US 500 (Dec) >2089.0 (4:15PM)	,	20:11.4	,	57.875
US 500 (Dec) >2089.0 (4:15PM)	,	19:39.4	,	60.125
US 500 (Dec) >2089.0 (4:15PM)	,	19:44.5	,	59.75
US 500 (Dec) >2089.0 (4:15PM)	,	20:04.1	,	59.25
US 500 (Dec) >2089.0 (4:15PM)	,	20:04.1	,	58.875
US 500 (Dec) >2089.0 (4:15PM)	,	20:06.0	,	58.375
US 500 (Dec) >2089.0 (4:15PM)	,	19:04.3	,	59.625
US 500 (Dec) >2089.0 (4:15PM)	,	19:11.4	,	60.125
US 500 (Dec) >2089.0 (4:15PM)	,	19:23.5	,	59.75
US 500 (Dec) >2089.0 (4:15PM)	,	20:46.8	,	58.125
US 500 (Dec) >2089.0 (4:15PM)	,	20:47.3	,	57.875
US 500 (Dec) >2089.0 (4:15PM)	,	20:35.2	,	58.125
US 500 (Dec) >2089.0 (4:15PM)	,	20:35.7	,	57.875
US 500 (Dec) >2089.0 (4:15PM)	,	20:36.3	,	58.375
US 500 (Dec) >2092.0 (4:15PM)	,	20:36.4	,	51.875
US 500 (Dec) >2092.0 (4:15PM)	,	20:35.7	,	51.25
US 500 (Dec) >2092.0 (4:15PM)	,	20:35.2	,	51.625
US 500 (Dec) >2092.0 (4:15PM)	,	20:47.3	,	51.25
US 500 (Dec) >2092.0 (4:15PM)	,	20:46.8	,	51.625
US 500 (Dec) >2092.0 (4:15PM)	,	19:23.6	,	53.25
US 500 (Dec) >2092.0 (4:15PM)	,	19:24.0	,	52.875
US 500 (Dec) >2092.0 (4:15PM)	,	19:11.6	,	53.625
US 500 (Dec) >2092.0 (4:15PM)	,	19:04.3	,	52.875
US 500 (Dec) >2092.0 (4:15PM)	,	20:06.0	,	51.875
US 500 (Dec) >2092.0 (4:15PM)	,	20:05.6	,	52.125
US 500 (Dec) >2092.0 (4:15PM)	,	20:04.1	,	52.625
US 500 (Dec) >2092.0 (4:15PM)	,	20:04.1	,	52.375
US 500 (Dec) >2092.0 (4:15PM)	,	19:39.5	,	53.625
US 500 (Dec) >2092.0 (4:15PM)	,	19:38.2	,	53.25
US 500 (Dec) >2092.0 (4:15PM)	,	19:44.6	,	53.25
US 500 (Dec) >2092.0 (4:15PM)	,	19:44.6	,	52.875
US 500 (Dec) >2092.0 (4:15PM)	,	20:11.5	,	51.625
US 500 (Dec) >2092.0 (4:15PM)	,	20:11.5	,	51.25
US 500 (Dec) >2092.0 (4:15PM)	,	20:12.5	,	51.625
US 500 (Dec) >2092.0 (4:15PM)	,	20:12.5	,	51.875
US 500 (Dec) >2092.0 (4:15PM)	,	20:17.5	,	52.125
US 500 (Dec) >2092.0 (4:15PM)	,	20:17.5	,	52.375
US 500 (Dec) >2092.0 (4:15PM)	,	20:17.5	,	51.875
US 500 (Dec) >2095.0 (4:15PM)	,	20:17.5	,	45.25
US 500 (Dec) >2095.0 (4:15PM)	,	20:17.5	,	45.625
US 500 (Dec) >2095.0 (4:15PM)	,	20:17.5	,	44.875
US 500 (Dec) >2095.0 (4:15PM)	,	20:12.5	,	44.75
US 500 (Dec) >2095.0 (4:15PM)	,	20:11.5	,	44.375
US 500 (Dec) >2095.0 (4:15PM)	,	19:44.6	,	46.375
US 500 (Dec) >2095.0 (4:15PM)	,	19:44.6	,	46.125
US 500 (Dec) >2095.0 (4:15PM)	,	19:38.2	,	46.375
US 500 (Dec) >2095.0 (4:15PM)	,	19:39.5	,	46.625
US 500 (Dec) >2095.0 (4:15PM)	,	20:04.1	,	45.875
US 500 (Dec) >2095.0 (4:15PM)	,	20:04.1	,	45.625
US 500 (Dec) >2095.0 (4:15PM)	,	20:05.6	,	45.25
US 500 (Dec) >2095.0 (4:15PM)	,	20:06.0	,	44.875
US 500 (Dec) >2095.0 (4:15PM)	,	19:04.4	,	46.125
US 500 (Dec) >2095.0 (4:15PM)	,	19:11.4	,	46.625
US 500 (Dec) >2095.0 (4:15PM)	,	19:24.0	,	46.125
US 500 (Dec) >2095.0 (4:15PM)	,	19:23.6	,	46.375
US 500 (Dec) >2095.0 (4:15PM)	,	20:47.3	,	44.375
US 500 (Dec) >2095.0 (4:15PM)	,	20:35.7	,	44.375
US 500 (Dec) >2095.0 (4:15PM)	,	20:36.4	,	44.875
US 500 (Dec) >2098.0 (4:15PM)	,	20:36.4	,	38.25
US 500 (Dec) >2098.0 (4:15PM)	,	20:35.7	,	37.75
US 500 (Dec) >2098.0 (4:15PM)	,	20:47.3	,	37.75
US 500 (Dec) >2098.0 (4:15PM)	,	19:23.5	,	39.625
US 500 (Dec) >2098.0 (4:15PM)	,	19:23.9	,	39.375
US 500 (Dec) >2098.0 (4:15PM)	,	19:11.6	,	39.875
US 500 (Dec) >2098.0 (4:15PM)	,	19:04.4	,	39.375
US 500 (Dec) >2098.0 (4:15PM)	,	20:06.0	,	38.25
US 500 (Dec) >2098.0 (4:15PM)	,	20:05.6	,	38.625
US 500 (Dec) >2098.0 (4:15PM)	,	20:04.2	,	39.125
US 500 (Dec) >2098.0 (4:15PM)	,	20:04.2	,	38.875
US 500 (Dec) >2098.0 (4:15PM)	,	19:39.5	,	39.875
US 500 (Dec) >2098.0 (4:15PM)	,	19:38.2	,	39.625
US 500 (Dec) >2098.0 (4:15PM)	,	19:44.7	,	39.625
US 500 (Dec) >2098.0 (4:15PM)	,	19:44.7	,	39.375
US 500 (Dec) >2098.0 (4:15PM)	,	20:11.5	,	37.75
US 500 (Dec) >2098.0 (4:15PM)	,	20:12.5	,	38.125
US 500 (Dec) >2098.0 (4:15PM)	,	20:17.6	,	38.625
US 500 (Dec) >2098.0 (4:15PM)	,	20:17.6	,	38.875
US 500 (Dec) >2098.0 (4:15PM)	,	20:17.6	,	38.25
US 500 (Dec) >2101.0 (4:15PM)	,	20:17.6	,	31.875
US 500 (Dec) >2101.0 (4:15PM)	,	20:12.5	,	31.625
US 500 (Dec) >2101.0 (4:15PM)	,	20:12.6	,	31.875
US 500 (Dec) >2101.0 (4:15PM)	,	20:11.6	,	31.625
US 500 (Dec) >2101.0 (4:15PM)	,	20:11.6	,	31.375
US 500 (Dec) >2101.0 (4:15PM)	,	19:44.7	,	33.25
US 500 (Dec) >2101.0 (4:15PM)	,	19:44.7	,	32.875
US 500 (Dec) >2101.0 (4:15PM)	,	19:38.2	,	33.25
US 500 (Dec) >2101.0 (4:15PM)	,	19:39.5	,	33.625
US 500 (Dec) >2101.0 (4:15PM)	,	20:04.1	,	32.375
US 500 (Dec) >2101.0 (4:15PM)	,	20:06.0	,	31.875
US 500 (Dec) >2101.0 (4:15PM)	,	19:04.4	,	32.875
US 500 (Dec) >2101.0 (4:15PM)	,	19:11.4	,	33.625
US 500 (Dec) >2101.0 (4:15PM)	,	19:23.9	,	32.875
US 500 (Dec) >2101.0 (4:15PM)	,	19:23.5	,	33.25
US 500 (Dec) >2101.0 (4:15PM)	,	20:47.3	,	31.375
US 500 (Dec) >2101.0 (4:15PM)	,	20:46.8	,	31.625
US 500 (Dec) >2101.0 (4:15PM)	,	20:36.4	,	31.875
US 500 (Dec) >2101.0 (4:15PM)	,	20:35.8	,	31.375
US 500 (Dec) >2101.0 (4:15PM)	,	20:35.3	,	31.625
US 500 (Dec) >2104.0 (4:15PM)	,	20:35.3	,	25.875
US 500 (Dec) >2104.0 (4:15PM)	,	20:35.8	,	25.625
US 500 (Dec) >2104.0 (4:15PM)	,	20:36.4	,	26.125
US 500 (Dec) >2104.0 (4:15PM)	,	20:46.8	,	25.875
US 500 (Dec) >2104.0 (4:15PM)	,	20:47.4	,	25.625
US 500 (Dec) >2104.0 (4:15PM)	,	19:23.5	,	27.25
US 500 (Dec) >2104.0 (4:15PM)	,	19:11.6	,	27.625
US 500 (Dec) >2104.0 (4:15PM)	,	19:04.4	,	27.125
US 500 (Dec) >2104.0 (4:15PM)	,	20:06.0	,	26.125
US 500 (Dec) >2104.0 (4:15PM)	,	20:05.6	,	26.375
US 500 (Dec) >2104.0 (4:15PM)	,	20:04.1	,	26.875
US 500 (Dec) >2104.0 (4:15PM)	,	20:04.1	,	26.625
US 500 (Dec) >2104.0 (4:15PM)	,	19:39.5	,	27.625
US 500 (Dec) >2104.0 (4:15PM)	,	19:44.6	,	27.25
US 500 (Dec) >2104.0 (4:15PM)	,	20:11.6	,	25.875
US 500 (Dec) >2104.0 (4:15PM)	,	20:11.6	,	25.625
US 500 (Dec) >2104.0 (4:15PM)	,	20:12.6	,	25.875
US 500 (Dec) >2104.0 (4:15PM)	,	20:12.6	,	26.125
US 500 (Dec) >2104.0 (4:15PM)	,	20:17.6	,	26.375
US 500 (Dec) >2104.0 (4:15PM)	,	20:17.6	,	26.625
US 500 (Dec) >2104.0 (4:15PM)	,	20:17.6	,	26.125
US 500 (Dec) >2107.0 (4:15PM)	,	20:17.6	,	20.875
US 500 (Dec) >2107.0 (4:15PM)	,	20:12.5	,	20.625
US 500 (Dec) >2107.0 (4:15PM)	,	20:12.5	,	20.875
US 500 (Dec) >2107.0 (4:15PM)	,	20:11.6	,	20.625
US 500 (Dec) >2107.0 (4:15PM)	,	20:11.6	,	20.375
US 500 (Dec) >2107.0 (4:15PM)	,	19:44.6	,	21.875
US 500 (Dec) >2107.0 (4:15PM)	,	19:44.6	,	21.625
US 500 (Dec) >2107.0 (4:15PM)	,	19:39.5	,	22.125
US 500 (Dec) >2107.0 (4:15PM)	,	20:04.1	,	21.375
US 500 (Dec) >2107.0 (4:15PM)	,	20:06.1	,	20.875
US 500 (Dec) >2107.0 (4:15PM)	,	19:04.4	,	21.75
US 500 (Dec) >2107.0 (4:15PM)	,	19:11.5	,	22.125
US 500 (Dec) >2107.0 (4:15PM)	,	19:23.5	,	21.875
US 500 (Dec) >2107.0 (4:15PM)	,	20:47.4	,	20.375
US 500 (Dec) >2107.0 (4:15PM)	,	20:46.8	,	20.625
US 500 (Dec) >2107.0 (4:15PM)	,	20:36.4	,	20.875
US 500 (Dec) >2107.0 (4:15PM)	,	20:35.8	,	20.375
US 500 (Dec) >2107.0 (4:15PM)	,	20:35.3	,	20.625
US 500 (Dec) >2110.0 (4:15PM)	,	20:35.7	,	15.875
US 500 (Dec) >2110.0 (4:15PM)	,	20:36.4	,	16.25
US 500 (Dec) >2110.0 (4:15PM)	,	20:47.4	,	15.875
US 500 (Dec) >2110.0 (4:15PM)	,	19:11.5	,	17.375
US 500 (Dec) >2110.0 (4:15PM)	,	19:04.4	,	17.125
US 500 (Dec) >2110.0 (4:15PM)	,	20:05.7	,	16.375
US 500 (Dec) >2110.0 (4:15PM)	,	20:04.1	,	16.875
US 500 (Dec) >2110.0 (4:15PM)	,	20:04.1	,	16.625
US 500 (Dec) >2110.0 (4:15PM)	,	20:11.6	,	16.125
US 500 (Dec) >2110.0 (4:15PM)	,	20:11.6	,	15.875
US 500 (Dec) >2110.0 (4:15PM)	,	20:12.6	,	16.125
US 500 (Dec) >2110.0 (4:15PM)	,	20:17.6	,	16.375
US 500 (Dec) >2110.0 (4:15PM)	,	20:17.6	,	16.625
US 500 (Dec) >2110.0 (4:15PM)	,	20:17.6	,	16.25
US 500 (Dec) >2059.0 (4:15PM)	,	20:14.7	,	94.875
US 500 (Dec) >2059.0 (4:15PM)	,	20:14.7	,	95.125
US 500 (Dec) >2059.0 (4:15PM)	,	20:14.7	,	94.875
US 500 (Dec) >2059.0 (4:15PM)	,	20:14.7	,	95.125
US 500 (Dec) >2059.0 (4:15PM)	,	20:12.4	,	95.125
US 500 (Dec) >2059.0 (4:15PM)	,	20:11.6	,	94.875
US 500 (Dec) >2059.0 (4:15PM)	,	20:46.9	,	94.875
US 500 (Dec) >2059.0 (4:15PM)	,	20:36.4	,	95.125
US 500 (Dec) >2059.0 (4:15PM)	,	20:35.4	,	94.875
US 500 (Dec) >2113.0 (4:15PM)	,	20:36.4	,	12.375
US 500 (Dec) >2113.0 (4:15PM)	,	19:04.4	,	13.125
US 500 (Dec) >2113.0 (4:15PM)	,	19:11.5	,	13.375
US 500 (Dec) >2113.0 (4:15PM)	,	20:11.9	,	12.125
US 500 (Dec) >2113.0 (4:15PM)	,	20:12.6	,	12.375
US 500 (Dec) >2113.0 (4:15PM)	,	20:17.6	,	12.375
US 500 (Dec) >2113.0 (4:15PM)	,	20:04.2	,	12.875
US 500 (Dec) >2113.0 (4:15PM)	,	20:06.0	,	12.375
US 500 (Dec) >2116.0 (4:15PM)	,	20:05.6	,	9.375
US 500 (Dec) >2116.0 (4:15PM)	,	19:39.6	,	10.125
US 500 (Dec) >2116.0 (4:15PM)	,	19:44.7	,	9.875
US 500 (Dec) >2116.0 (4:15PM)	,	20:17.6	,	9.375
US 500 (Dec) >2116.0 (4:15PM)	,	20:17.6	,	9.625
US 500 (Dec) >2116.0 (4:15PM)	,	20:17.6	,	9.25
US 500 (Dec) >2116.0 (4:15PM)	,	19:11.5	,	10.125
US 500 (Dec) >2116.0 (4:15PM)	,	19:04.4	,	9.75
US 500 (Dec) >2116.0 (4:15PM)	,	19:23.6	,	9.875
US 500 (Dec) >2062.0 (4:15PM)	,	19:23.4	,	93.875
US 500 (Dec) >2062.0 (4:15PM)	,	19:04.3	,	93.875
US 500 (Dec) >2062.0 (4:15PM)	,	19:11.3	,	94.125
US 500 (Dec) >2062.0 (4:15PM)	,	19:39.4	,	94.125
US 500 (Dec) >2062.0 (4:15PM)	,	19:44.4	,	93.875
US 500 (Dec) >2065.0 (4:15PM)	,	20:05.6	,	91.875
US 500 (Dec) >2065.0 (4:15PM)	,	20:17.5	,	91.875
US 500 (Dec) >2065.0 (4:15PM)	,	20:17.5	,	92.125
US 500 (Dec) >2065.0 (4:15PM)	,	20:17.5	,	91.875
US 500 (Dec) >2065.0 (4:15PM)	,	19:11.3	,	92.375
US 500 (Dec) >2065.0 (4:15PM)	,	19:04.3	,	92.125
US 500 (Dec) >2068.0 (4:15PM)	,	20:36.3	,	89.625
US 500 (Dec) >2068.0 (4:15PM)	,	20:35.7	,	89.375
US 500 (Dec) >2068.0 (4:15PM)	,	20:47.2	,	89.375
US 500 (Dec) >2068.0 (4:15PM)	,	20:17.5	,	89.625
US 500 (Dec) >2068.0 (4:15PM)	,	20:12.4	,	89.625
US 500 (Dec) >2068.0 (4:15PM)	,	20:11.8	,	89.375
US 500 (Dec) >2068.0 (4:15PM)	,	20:04.0	,	89.875
US 500 (Dec) >2071.0 (4:15PM)	,	20:04.3	,	87.125
US 500 (Dec) >2071.0 (4:15PM)	,	20:06.0	,	86.875
US 500 (Dec) >2071.0 (4:15PM)	,	19:38.1	,	87.625
US 500 (Dec) >2071.0 (4:15PM)	,	19:45.0	,	87.375
US 500 (Dec) >2071.0 (4:15PM)	,	20:17.5	,	86.875
US 500 (Dec) >2071.0 (4:15PM)	,	19:04.3	,	87.375
US 500 (Dec) >2071.0 (4:15PM)	,	19:11.3	,	87.625
US 500 (Dec) >2071.0 (4:15PM)	,	19:23.9	,	87.375
US 500 (Dec) >2074.0 (4:15PM)	,	19:23.4	,	84.375
US 500 (Dec) >2074.0 (4:15PM)	,	19:11.4	,	84.625
US 500 (Dec) >2074.0 (4:15PM)	,	19:04.3	,	84.25
US 500 (Dec) >2074.0 (4:15PM)	,	20:47.3	,	83.375
US 500 (Dec) >2074.0 (4:15PM)	,	20:35.7	,	83.375
US 500 (Dec) >2074.0 (4:15PM)	,	20:36.3	,	83.75
US 500 (Dec) >2074.0 (4:15PM)	,	20:17.4	,	83.875
US 500 (Dec) >2074.0 (4:15PM)	,	20:17.4	,	84.125
US 500 (Dec) >2074.0 (4:15PM)	,	20:17.4	,	83.75
US 500 (Dec) >2074.0 (4:15PM)	,	20:11.4	,	83.375
US 500 (Dec) >2074.0 (4:15PM)	,	20:12.4	,	83.625
US 500 (Dec) >2074.0 (4:15PM)	,	19:44.5	,	84.375
US 500 (Dec) >2074.0 (4:15PM)	,	19:39.4	,	84.625
US 500 (Dec) >2074.0 (4:15PM)	,	20:05.6	,	83.875
US 500 (Dec) >2077.0 (4:15PM)	,	20:06.0	,	79.875
US 500 (Dec) >2077.0 (4:15PM)	,	20:04.0	,	80.375
US 500 (Dec) >2077.0 (4:15PM)	,	20:17.4	,	79.875
US 500 (Dec) >2077.0 (4:15PM)	,	20:36.4	,	79.875
US 500 (Dec) >2077.0 (4:15PM)	,	19:04.3	,	80.625
US 500 (Dec) >2077.0 (4:15PM)	,	19:11.3	,	80.875
US 500 (Dec) >2080.0 (4:15PM)	,	19:11.4	,	76.625
US 500 (Dec) >2080.0 (4:15PM)	,	19:04.4	,	76.25
US 500 (Dec) >2080.0 (4:15PM)	,	19:23.5	,	76.375
US 500 (Dec) >2080.0 (4:15PM)	,	20:36.4	,	75.375
US 500 (Dec) >2080.0 (4:15PM)	,	20:17.4	,	75.625
US 500 (Dec) >2080.0 (4:15PM)	,	20:17.4	,	75.875
US 500 (Dec) >2080.0 (4:15PM)	,	20:17.4	,	75.375
US 500 (Dec) >2080.0 (4:15PM)	,	20:04.1	,	75.875
US 500 (Dec) >2080.0 (4:15PM)	,	20:06.0	,	75.375
US 500 (Dec) >2080.0 (4:15PM)	,	20:05.6	,	75.625
US 500 (Dec) >2080.0 (4:15PM)	,	19:39.4	,	76.625
US 500 (Dec) >2080.0 (4:15PM)	,	19:44.6	,	76.375
US 500 (Dec) >2122.5 (4:15PM)	,	19:45.1	,	18.375
US 500 (Dec) >2122.5 (4:15PM)	,	19:38.1	,	18.625
US 500 (Dec) >2122.5 (4:15PM)	,	20:06.0	,	17.875
US 500 (Dec) >2122.5 (4:15PM)	,	20:17.7	,	17.875
US 500 (Dec) >2122.5 (4:15PM)	,	19:23.9	,	18.375
US 500 (Dec) >2122.5 (4:15PM)	,	19:05.1	,	18.375
US 500 (Dec) >2122.5 (4:15PM)	,	19:11.3	,	18.625
US 500 (Dec) >2134.5 (4:15PM)	,	20:36.4	,	8.875
US 500 (Dec) >2134.5 (4:15PM)	,	20:04.3	,	8.875
US 500 (Dec) >2146.5 (4:15PM)	,	19:38.1	,	3.625
US 500 (Dec) >2146.5 (4:15PM)	,	19:44.8	,	3.375
US 500 (Dec) >2146.5 (4:15PM)	,	19:11.3	,	3.625
US 500 (Dec) >2146.5 (4:15PM)	,	19:04.3	,	3.375
US 500 (Dec) >2146.5 (4:15PM)	,	19:23.8	,	3.375
US 500 (Dec) >2038.5 (4:15PM)	,	20:04.0	,	93.375
US 500 (Dec) >2050.5 (4:15PM)	,	20:04.0	,	87.875
US 500 (Dec) >2062.5 (4:15PM)	,	20:17.4	,	79.625
US 500 (Dec) >2062.5 (4:15PM)	,	20:12.4	,	79.625
US 500 (Dec) >2062.5 (4:15PM)	,	20:11.8	,	79.375
US 500 (Dec) >2062.5 (4:15PM)	,	20:04.0	,	79.875
US 500 (Dec) >2062.5 (4:15PM)	,	20:36.4	,	79.625
US 500 (Dec) >2062.5 (4:15PM)	,	20:35.7	,	79.375
US 500 (Dec) >2062.5 (4:15PM)	,	20:47.3	,	79.375
US 500 (Dec) >2086.5 (4:15PM)	,	20:46.9	,	56.375
US 500 (Dec) >2086.5 (4:15PM)	,	20:36.4	,	56.625
US 500 (Dec) >2086.5 (4:15PM)	,	20:35.3	,	56.375
US 500 (Dec) >2086.5 (4:15PM)	,	19:23.8	,	57.125
US 500 (Dec) >2086.5 (4:15PM)	,	19:11.3	,	57.375
US 500 (Dec) >2086.5 (4:15PM)	,	20:04.3	,	56.875
US 500 (Dec) >2086.5 (4:15PM)	,	20:11.4	,	56.375
US 500 (Dec) >2086.5 (4:15PM)	,	20:13.1	,	56.625
US 500 (Dec) >2086.5 (4:15PM)	,	20:17.5	,	56.625
US 500 (Dec) >2086.5 (4:15PM)	,	20:24.8	,	56.375
US 500 (Dec) >2086.5 (4:15PM)	,	20:25.1	,	56.625
US 500 (Dec) >2098.5 (4:15PM)	,	20:17.7	,	43.375
US 500 (Dec) >2098.5 (4:15PM)	,	20:04.3	,	43.625
US 500 (Dec) >2098.5 (4:15PM)	,	20:06.0	,	43.375
US 500 (Dec) >2098.5 (4:15PM)	,	19:44.9	,	43.875
US 500 (Dec) >2098.5 (4:15PM)	,	19:38.1	,	44.125
US 500 (Dec) >2098.5 (4:15PM)	,	19:11.2	,	44.25
US 500 (Dec) >2098.5 (4:15PM)	,	19:05.1	,	43.875
US 500 (Dec) >2098.5 (4:15PM)	,	19:23.8	,	43.875
US 500 (Dec) >2098.5 (4:15PM)	,	20:36.4	,	43.375
US 500 (Dec) >2110.5 (4:15PM)	,	20:36.4	,	30.125
US 500 (Dec) >2110.5 (4:15PM)	,	20:35.3	,	29.875
US 500 (Dec) >2110.5 (4:15PM)	,	20:46.9	,	29.875
US 500 (Dec) >2110.5 (4:15PM)	,	19:23.9	,	30.625
US 500 (Dec) >2110.5 (4:15PM)	,	19:04.2	,	30.625
US 500 (Dec) >2110.5 (4:15PM)	,	19:11.3	,	30.875
US 500 (Dec) >2110.5 (4:15PM)	,	19:39.4	,	30.875
US 500 (Dec) >2110.5 (4:15PM)	,	19:44.7	,	30.625
US 500 (Dec) >2110.5 (4:15PM)	,	20:04.0	,	30.375
US 500 (Dec) >2110.5 (4:15PM)	,	20:12.5	,	30.125
US 500 (Dec) >2110.5 (4:15PM)	,	20:11.5	,	29.875
US 500 (Dec) >2110.5 (4:15PM)	,	20:24.8	,	29.875
US 500 (Dec) >2110.5 (4:15PM)	,	20:25.1	,	30.125
US 500 (Dec) 2050.0-2090.0 (4:15PM)	,	19:38.1	,	2083.7
US 500 (Dec) 2050.0-2090.0 (4:15PM)	,	19:44.5	,	2083.6
US 500 (Dec) 2050.0-2090.0 (4:15PM)	,	20:05.6	,	2083.4
US 500 (Dec) 2050.0-2090.0 (4:15PM)	,	20:04.2	,	2083.5
US 500 (Dec) 2050.0-2090.0 (4:15PM)	,	20:25.0	,	2083.4
US 500 (Dec) 2050.0-2090.0 (4:15PM)	,	20:24.7	,	2083.3
US 500 (Dec) 2050.0-2090.0 (4:15PM)	,	20:17.7	,	2083.4
US 500 (Dec) 2050.0-2090.0 (4:15PM)	,	20:17.7	,	2083.5
US 500 (Dec) 2050.0-2090.0 (4:15PM)	,	20:17.7	,	2083.4
US 500 (Dec) 2050.0-2090.0 (4:15PM)	,	20:11.7	,	2083.3
US 500 (Dec) 2050.0-2090.0 (4:15PM)	,	20:12.4	,	2083.4
US 500 (Dec) 2050.0-2090.0 (4:15PM)	,	19:23.5	,	2083.6
US 500 (Dec) 2050.0-2090.0 (4:15PM)	,	19:04.2	,	2083.6
US 500 (Dec) 2050.0-2090.0 (4:15PM)	,	19:11.2	,	2083.7
US 500 (Dec) 2050.0-2090.0 (4:15PM)	,	20:46.8	,	2083.3
US 500 (Dec) 2050.0-2090.0 (4:15PM)	,	20:36.4	,	2083.4
US 500 (Dec) 2050.0-2090.0 (4:15PM)	,	20:35.2	,	2083.3
US 500 (Dec) 2070.0-2110.0 (4:15PM)	,	20:35.7	,	2091.8
US 500 (Dec) 2070.0-2110.0 (4:15PM)	,	20:35.1	,	2091.9
US 500 (Dec) 2070.0-2110.0 (4:15PM)	,	20:36.3	,	2092
US 500 (Dec) 2070.0-2110.0 (4:15PM)	,	20:46.8	,	2091.9
US 500 (Dec) 2070.0-2110.0 (4:15PM)	,	20:47.2	,	2091.8
US 500 (Dec) 2070.0-2110.0 (4:15PM)	,	19:11.2	,	2092.5
US 500 (Dec) 2070.0-2110.0 (4:15PM)	,	19:04.2	,	2092.4
US 500 (Dec) 2070.0-2110.0 (4:15PM)	,	19:05.1	,	2092.3
US 500 (Dec) 2070.0-2110.0 (4:15PM)	,	19:23.9	,	2092.3
US 500 (Dec) 2070.0-2110.0 (4:15PM)	,	19:23.4	,	2092.4
US 500 (Dec) 2070.0-2110.0 (4:15PM)	,	20:12.4	,	2091.9
US 500 (Dec) 2070.0-2110.0 (4:15PM)	,	20:12.4	,	2092
US 500 (Dec) 2070.0-2110.0 (4:15PM)	,	20:11.7	,	2091.8
US 500 (Dec) 2070.0-2110.0 (4:15PM)	,	20:17.3	,	2092.1
US 500 (Dec) 2070.0-2110.0 (4:15PM)	,	20:17.3	,	2092.2
US 500 (Dec) 2070.0-2110.0 (4:15PM)	,	20:17.3	,	2092
US 500 (Dec) 2070.0-2110.0 (4:15PM)	,	20:24.7	,	2091.9
US 500 (Dec) 2070.0-2110.0 (4:15PM)	,	20:25.0	,	2092
US 500 (Dec) 2070.0-2110.0 (4:15PM)	,	20:04.2	,	2092.2
US 500 (Dec) 2070.0-2110.0 (4:15PM)	,	20:05.6	,	2092.1
US 500 (Dec) 2070.0-2110.0 (4:15PM)	,	20:06.0	,	2092
US 500 (Dec) 2070.0-2110.0 (4:15PM)	,	19:38.1	,	2092.4
US 500 (Dec) 2070.0-2110.0 (4:15PM)	,	19:39.4	,	2092.5
US 500 (Dec) 2070.0-2110.0 (4:15PM)	,	19:44.4	,	2092.4
US 500 (Dec) 2070.0-2110.0 (4:15PM)	,	19:44.4	,	2092.3
US 500 (Dec) 2090.0-2130.0 (4:15PM)	,	19:38.1	,	2099.7
US 500 (Dec) 2090.0-2130.0 (4:15PM)	,	19:44.5	,	2099.6
US 500 (Dec) 2090.0-2130.0 (4:15PM)	,	20:06.0	,	2099.3
US 500 (Dec) 2090.0-2130.0 (4:15PM)	,	20:05.6	,	2099.4
US 500 (Dec) 2090.0-2130.0 (4:15PM)	,	20:04.2	,	2099.5
US 500 (Dec) 2090.0-2130.0 (4:15PM)	,	20:25.0	,	2099.3
US 500 (Dec) 2090.0-2130.0 (4:15PM)	,	20:24.7	,	2099.2
US 500 (Dec) 2090.0-2130.0 (4:15PM)	,	20:17.4	,	2099.3
US 500 (Dec) 2090.0-2130.0 (4:15PM)	,	20:17.4	,	2099.4
US 500 (Dec) 2090.0-2130.0 (4:15PM)	,	20:17.4	,	2099.5
US 500 (Dec) 2090.0-2130.0 (4:15PM)	,	20:11.7	,	2099.2
US 500 (Dec) 2090.0-2130.0 (4:15PM)	,	20:12.4	,	2099.3
US 500 (Dec) 2090.0-2130.0 (4:15PM)	,	19:23.5	,	2099.6
US 500 (Dec) 2090.0-2130.0 (4:15PM)	,	19:04.2	,	2099.6
US 500 (Dec) 2090.0-2130.0 (4:15PM)	,	19:11.2	,	2099.7
US 500 (Dec) 2090.0-2130.0 (4:15PM)	,	20:46.8	,	2099.2
US 500 (Dec) 2090.0-2130.0 (4:15PM)	,	20:36.3	,	2099.3
US 500 (Dec) 2090.0-2130.0 (4:15PM)	,	20:35.2	,	2099.2
US 500 (Dec) 2050.0-2130.0 (4:15PM)	,	20:25.0	,	2092.8
US 500 (Dec) 2050.0-2130.0 (4:15PM)	,	20:24.7	,	2092.6
US 500 (Dec) 2050.0-2130.0 (4:15PM)	,	20:17.3	,	2092.9
US 500 (Dec) 2050.0-2130.0 (4:15PM)	,	20:17.3	,	2093
US 500 (Dec) 2050.0-2130.0 (4:15PM)	,	20:17.3	,	2092.8
US 500 (Dec) 2050.0-2130.0 (4:15PM)	,	20:12.4	,	2092.6
US 500 (Dec) 2050.0-2130.0 (4:15PM)	,	20:12.4	,	2092.8
US 500 (Dec) 2050.0-2130.0 (4:15PM)	,	20:11.7	,	2092.5
US 500 (Dec) 2050.0-2130.0 (4:15PM)	,	19:44.4	,	2093.3
US 500 (Dec) 2050.0-2130.0 (4:15PM)	,	19:44.4	,	2093.2
US 500 (Dec) 2050.0-2130.0 (4:15PM)	,	19:38.1	,	2093.3
US 500 (Dec) 2050.0-2130.0 (4:15PM)	,	19:39.3	,	2093.5
US 500 (Dec) 2050.0-2130.0 (4:15PM)	,	20:06.0	,	2092.8
US 500 (Dec) 2050.0-2130.0 (4:15PM)	,	20:05.6	,	2092.9
US 500 (Dec) 2050.0-2130.0 (4:15PM)	,	20:04.2	,	2093.1
US 500 (Dec) 2050.0-2130.0 (4:15PM)	,	20:04.2	,	2093
US 500 (Dec) 2050.0-2130.0 (4:15PM)	,	19:05.1	,	2093.2
US 500 (Dec) 2050.0-2130.0 (4:15PM)	,	19:04.2	,	2093.3
US 500 (Dec) 2050.0-2130.0 (4:15PM)	,	19:11.2	,	2093.5
US 500 (Dec) 2050.0-2130.0 (4:15PM)	,	19:23.5	,	2093.3
US 500 (Dec) 2050.0-2130.0 (4:15PM)	,	19:23.9	,	2093.2
US 500 (Dec) 2050.0-2130.0 (4:15PM)	,	20:46.8	,	2092.6
US 500 (Dec) 2050.0-2130.0 (4:15PM)	,	20:47.2	,	2092.5
US 500 (Dec) 2050.0-2130.0 (4:15PM)	,	20:36.3	,	2092.8
US 500 (Dec) 2050.0-2130.0 (4:15PM)	,	20:35.2	,	2092.6
US 500 (Dec) 2050.0-2130.0 (4:15PM)	,	20:35.7	,	2092.5
